"ID","REQ","AUTHOR","DATE","LANG","MSG","SCORE"
"1337704843939618816","COVID","Northern Lad","Sat Dec 12 10:24:22 +0000 2020","en","A mate who him and his wife is covid crazy has asked me and the wife round for a beer during xmas Me how come Do","-1"
"1337704843427901445","COVID","‚ô•‚ô•RABI‚ô•‚ô•","Sat Dec 12 10:24:22 +0000 2020","en","In the midst of useless political concerning the upcoming PDM power show in Multan Rana Sanaua","-1"
"1337704843335639042","COVID","surreyman54321","Sat Dec 12 10:24:22 +0000 2020","en","New data shows active COVID cases in Kent are actually falling","-1"
"1337704841901002753","COVID","ONE News PH","Sat Dec 12 10:24:22 +0000 2020","en","Pinoy boxer Nonito Donaire Jr posted a supposed negative COVID19 result two days after reports said he tested po","-1"
"1337704841511116802","COVID","Johnny Sins","Sat Dec 12 10:24:22 +0000 2020","en","Aye owes just beware of covid you dont want to be the reason for getting somebody ill","-1"
"1337704841032986626","COVID","Leo Schulz","Sat Dec 12 10:24:22 +0000 2020","en","Um sorry I think I was being sarcastic the EU Covidsubsidy prog is currently on the roc","-1"
"1337704839816601610","COVID","Melanie Muroff","Sat Dec 12 10:24:21 +0000 2020","en","In a state where the governor defied calls for a mask mandate even as cases hit record levels many ignored the COVID19 for m","-1"
"1337704839543832576","COVID","Ethan Davenport","Sat Dec 12 10:24:21 +0000 2020","en","There used to be a place near my house that served wood fired pizza it was only available in one siz","-1"
"1337704839527227392","COVID","carl devitt / Gab. Brad Fitt","Sat Dec 12 10:24:21 +0000 2020","en","True face of todays NHS Cancelled by politics NOT Covid Scheduled surgery which she says could have been a lifeline wa","-1"
"1337704837769728001","COVID","miCasita¬Æ Toronto","Sat Dec 12 10:24:21 +0000 2020","en","Indonesian cleric turns himself in for COVID19 violations","-1"
"1337704837702701057","COVID","T","Sat Dec 12 10:24:21 +0000 2020","en","Covid is a hoax so whatever","-1"
"1337704836691677187","COVID","Is it January 20 yet?","Sat Dec 12 10:24:21 +0000 2020","en","What would be the basis for threatening a mother with jail time for getting her son tested","-1"
"1337704836431802368","COVID","Chris Bronsdon","Sat Dec 12 10:24:21 +0000 2020","en","Thats a Heres the true story","-1"
"1337704836222029828","COVID","Michael Wayne","Sat Dec 12 10:24:20 +0000 2020","en","Heres the trouble when God sends Plagues Pestilences and Pandemics such as hivaids or CoVI","-1"
"1337704836167557120","COVID","CovidDeathAT","Sat Dec 12 10:24:20 +0000 2020","en","another soul left the planet from which is per seconds since midnight today","-1"
"1337708455751086081","COVID","merp // #takecaretwoset","Sat Dec 12 10:38:43 +0000 2020","en","Mutuals and non mutuals please I literally have day left I have covid Dont leave me homeless for the winter amp Christm","-1"
"1337708454455152640","COVID","Moistlokov","Sat Dec 12 10:38:43 +0000 2020","en","I tried to make salmon spinach pasta but got carried away about how jacked up our COVID response is and how badly w","-1"
"1337708452748124161","COVID","Finis L. Dailey, III","Sat Dec 12 10:38:43 +0000 2020","en","Calling Covid19 the Wuhan Virus is blatantly racist As a former US amba","-1"
"1337708451892322306","COVID","Doctor R Shaldjian Morrison","Sat Dec 12 10:38:43 +0000 2020","en","Serum Levels of Vitamin C and Vitamin D in a Cohort of Critically Ill COVID19 Patients of a North American Communi","-1"
"1337708451577917443","COVID","WebGab","Sat Dec 12 10:38:42 +0000 2020","en","These containers used to ship fresh tuna Now theyll deliver Covid19 vaccines","-1"
"1337708451473072130","COVID","Charles Myrick -CEO","Sat Dec 12 10:38:42 +0000 2020","en","Lil Baby Profits up During COVID Rappers Incriminate Themselves in Interviews Everyday Struggle","-1"
"1337708450491535360","COVID","adriana la cerva","Sat Dec 12 10:38:42 +0000 2020","en","Just wanna say getting regular vaccinated was scary given the state of govt hospitals I am hoping and praying for e","-1"
"1337708449203953666","COVID","South Asians News","Sat Dec 12 10:38:42 +0000 2020","en","Nepals Covid19 tally advances to with new cases recorded on Saturday","-1"
"1337708447618494465","COVID","David Taking The Vaccine ASAP","Sat Dec 12 10:38:41 +0000 2020","en","COVID restrictions be damned If one Royal Navy ship fires on an unarmed French vessel because of Boris Johnsons u","-1"
"1337708446582530048","COVID","JavaScript is Easy","Sat Dec 12 10:38:41 +0000 2020","en","Royal COVID Charlotte Louis make red carpet debut with Prince William Kate Middleton at show","-1"
"1337708446347644930","COVID","Concerned Citizen (CeeCee)","Sat Dec 12 10:38:41 +0000 2020","en","The lovely staff in the cafe asked me how they could spread the message of the massive overreaction to covid I gave th","-1"
"1337708445965971456","COVID","matt_birkbeck","Sat Dec 12 10:38:41 +0000 2020","en","Long COVID sufferer John urges people to follow the guidelines to protect themselves and others from the potentia","-1"
"1337708444351139840","COVID","Kirsty Hill","Sat Dec 12 10:38:41 +0000 2020","en","Firm with Links to Matt Hancocks Family Awarded Million COVID Testing Deal","-1"
"1337708443973500929","COVID","dvsr murty","Sat Dec 12 10:38:41 +0000 2020","en","PM Modi is autocratic to Pranab Ddadas autobiography to be released next month Is autocratic style a death knel","-1"
"1337708443696648192","COVID","Jackie #covidfear #climatefear #OpenOurNation","Sat Dec 12 10:38:41 +0000 2020","en","As the virus deaths are built up from frail elderly people often with several age related illness its very easy to place t","-1"
1338231628955484161,COVID,Kyle Brooks,Sun Dec 13 21:17:38 +0000 2020,en,"RT @JoeBiden: We‚Äôre in the teeth of the COVID-19 crisis right now, and this nation needs presidential leadership.

Leadership that is willi‚Ä¶",-1
1338231628276051974,COVID,concerned veteran,Sun Dec 13 21:17:37 +0000 2020,en,REMEMBER IF THE US IS SHORT ON PFIZER VACCINE FOR COVID IT IS BECAUSE OF TRUMPS IMCOMPETENCE &amp; NOT PUTTING OUR NATI‚Ä¶ https://t.co/Y9r0fHhrpA,-1
1338231628095602688,COVID,Richard Arthur Milton,Sun Dec 13 21:17:37 +0000 2020,en,"@TheEliKlein If ""we don't know"", why have the vaccines been ""authorized"". I've seen some data the survival rate for‚Ä¶ https://t.co/dsPf9ceblJ",-1
1338231627261087749,COVID,Richard Harrington,Sun Dec 13 21:17:37 +0000 2020,en,RT @JuliaHB1: Remember when Chris Whitty told us the truth about the risk of Covid? Worth watching... It feels like a LONG time ago but eve‚Ä¶,-1
1338231627231670273,COVID,CEO Of Ohio,Sun Dec 13 21:17:37 +0000 2020,en,"RT @jbook37: Michigan on Saturday, we can't play Ohio State we got the Bubonic, Bird Flu, Covid, Mono, Diarrhea.

Michigan on Sunday, we ar‚Ä¶",-1
1338231626623553536,COVID,Rachel Wilson,Sun Dec 13 21:17:37 +0000 2020,en,"RT @JoeBiden: We‚Äôre in the teeth of the COVID-19 crisis right now, and this nation needs presidential leadership.

Leadership that is willi‚Ä¶",-1
1338231626237501441,COVID,CJ(Katy) Crittenden,Sun Dec 13 21:17:37 +0000 2020,en,RT @davenewworld_2: Anti-masker in New Jersey refuses to enforce COVID guidelines at his gym https://t.co/zu69lCsvQq,-1
1338231625637908483,COVID,AtomaCon,Sun Dec 13 21:17:37 +0000 2020,en,9 more days!  Because of Covid as of right now we will not have at the door passes so get yours while you can.  If‚Ä¶ https://t.co/WMv71cSwEd,-1
1338231625281384454,COVID,rachel bose,Sun Dec 13 21:17:37 +0000 2020,en,RT @KangoSir: 1/2 My job is at risk of being cut in April thanks to covid. I've been lucky to get a couple of interviews next week for jobs‚Ä¶,-1
1338231624731910144,COVID,Cosmo,Sun Dec 13 21:17:37 +0000 2020,en,"RT @kylegriffin1: Sen. Coons to NBC: ""The fact that, 9 months later, we don't have a next round of COVID relief is something I personally a‚Ä¶",-1
1338231624689967107,COVID,shadowmoon,Sun Dec 13 21:17:37 +0000 2020,en,First trucks with COVID-19 vaccine roll out of Pfizer plant in Michigan - NBC News https://t.co/X2FrTQ6HEL,-1
1338231624618700809,COVID,Kiki Calanmai,Sun Dec 13 21:17:37 +0000 2020,en,I tested positive for covid but it‚Äôs fine cuz I still get to meet the @tryguys on Friday,-1
1338231624505421829,COVID,WheeledPatriot2,Sun Dec 13 21:17:37 +0000 2020,en,@cubsfuture2 @slewfan @JHerd6 Well pharmacists are saying they aren't selling tamiflu and neither are their supplie‚Ä¶ https://t.co/CCvXZi5NsA,-1
1338231624497033222,COVID,Dave Wagner,Sun Dec 13 21:17:37 +0000 2020,en,I'm very tired of hearing about what politicians can't do to bring us COVID relief. Tell us what you CAN do and do it.,-1
1338231624354287619,COVID,Jo Ellen Davey Cohen,Sun Dec 13 21:17:37 +0000 2020,en,"RT @WhiteHouse: ""I look forward to receiving a vaccine as soon as it is available to me,"" @RepBradWenstrup writes.

‚ÄúI encourage all Americ‚Ä¶",-1
1338232494454427648,COVID,Matt Reed,Sun Dec 13 21:21:04 +0000 2020,en,RT @airwaysmagazine: #NEWS | Two COVID-19 vaccines are in line to be approved for emergency use in the US. Once they obtain government appr‚Ä¶,-1
1338232493519089664,COVID,Steve,Sun Dec 13 21:21:04 +0000 2020,en,"RT @autcareandshare: My son is autistic and has learning disabilities I am his full time carer he has 1to1 care at all times.
What will hap‚Ä¶",-1
1338232493397274624,COVID,Gardner's Sciatica,Sun Dec 13 21:21:04 +0000 2020,en,RT @stephjantzen: #Thread Jules is no longer on a ventilator. She died as an ICU nurse this morning from Covid-19. I do this brief thread f‚Ä¶,-1
1338232492931899397,COVID,Denaja J.,Sun Dec 13 21:21:04 +0000 2020,en,RT @askeletonheart: @lottidot @AmazonianKween_ @eri_rozay @iChanelJ @simplyshakeila_ @DeeLaSheeArt @IndiaDionna Girl listening to the unive‚Ä¶,-1
1338232492315308033,COVID,GH0STMERC,Sun Dec 13 21:21:03 +0000 2020,en,@ADistortedPer @IAmNOTSteveNash @SpockResists @realDonaldTrump I said trump took a good eco from Obama and took it‚Ä¶ https://t.co/mp1Nr7AXch,-1
1338232492269002752,COVID,‚òÅ‚òÄÔ∏èB/L/M Wear Masks‚òÄÔ∏è‚òÅ,Sun Dec 13 21:21:03 +0000 2020,en,RT @soFISHtication: Friendly reminder as we roll into the New Year soon: just because 2020 is almost over does NOT mean COVID is! Please co‚Ä¶,-1
1338232492197875715,COVID,space princess ü™ê,Sun Dec 13 21:21:03 +0000 2020,en,Just found out my hometown has been ranked the 10th worst city in the country for covid cases. I wish I was surprised,-1
1338232491199631365,COVID,Popas Digital Agency,Sun Dec 13 21:21:03 +0000 2020,en,"RT @Yanky_Pollak: If you got a COVID fine please visit https://t.co/9MjpXyZv28 

If you have a business that was shut down due to Governmen‚Ä¶",-1
1338232490050408450,COVID,Mr. Nuzum,Sun Dec 13 21:21:03 +0000 2020,en,"RT @AdamNewshound12: It's become one of the most gripping storylines of SC's pandemic response: How safe is it for classrooms be open, and‚Ä¶",-1
1338232490008436737,COVID,RoseWallace @Lollybrock,Sun Dec 13 21:21:03 +0000 2020,en,"RT @kylegriffin1: Sen. Coons to NBC: ""The fact that, 9 months later, we don't have a next round of COVID relief is something I personally a‚Ä¶",-1
1338232489916182539,COVID,Peon Glory,Sun Dec 13 21:21:03 +0000 2020,en,"RT @abirballan: The world went into lockdown based on a fear of rising cases, asymptomatic transmission, widespread susceptibility, lack of‚Ä¶",-1
1338232489312215045,COVID,Indivisible Philadelphia,Sun Dec 13 21:21:03 +0000 2020,en,RT @RepKatiePorter: Everyone at the negotiating table‚Äîincluding Senate Rs‚Äîhas agreed to a compromise. Except one. Mitch McConnell is refusi‚Ä¶,-1
1338232489249284098,COVID,Khrissy Choate 3Ô∏è‚É£8Ô∏è‚É£ days!,Sun Dec 13 21:21:03 +0000 2020,en,RT @KentuckyReside2: @senatemajldr Did you try to slip in a liability clause so service members cannot seek restitution if they suffer illn‚Ä¶,-1
1338232489098227712,COVID,Phyllis Forbes,Sun Dec 13 21:21:03 +0000 2020,en,"RT @davidfrum: Back in April, I wrote that the undeclared true Trump COVID strategy was ‚Äútake the punch‚Äù - let the disease rip in hope of r‚Ä¶",-1
1338232488322273282,COVID,nasirafaheem,Sun Dec 13 21:21:03 +0000 2020,en,RT @principalbcss: Breakfast club continues during COVID ‚Å¶@BCSSbasketball‚Å© ‚Å¶@bcssbucks‚Å© ‚Å¶@BCSS116‚Å© ‚Å¶@ZontaBCSS‚Å© ‚Å¶@MlleSpez‚Å© ‚Å¶@MmePatel‚Å© ‚Å¶@b‚Ä¶,-1
1338233753173454851,COVID,Diane Verhoest,Sun Dec 13 21:26:04 +0000 2020,en,@GovRonDeSantis @FLCaseyDeSantis @ChrisSprowls Except when you keep endangering them with the laissez-faire attitud‚Ä¶ https://t.co/QN7IR1GPqG,-1
1338233751420227584,COVID,Emmanuel Roy,Sun Dec 13 21:26:04 +0000 2020,en,"RT @InterBang: So flip-flop Fauci criticizes the UK for rushed approval, but unlike the UK, he gives the go-ahead to start testing the vacc‚Ä¶",-1
1338233750921113608,COVID,Oamaam,Sun Dec 13 21:26:04 +0000 2020,en,"@gregkellyusa Things that make you think, like the SP Barracks visitor park lot packed till late last night, on a S‚Ä¶ https://t.co/doZq1GpDYS",-1
1338233747838173184,COVID,Miche Priestü§ì,Sun Dec 13 21:26:03 +0000 2020,en,My MIL went to @FedEx to mail stocking stuffers. She was told she couldn‚Äôt ship @Starbucks gift cards due to money‚Ä¶ https://t.co/zkjuXTqLWd,-1
1338233747754389504,COVID,Rik Bartholomew,Sun Dec 13 21:26:03 +0000 2020,en,"@MervynMj1 @TheFreds I‚Äôve personally carried on as normal throughout, along with other places all over, working in‚Ä¶ https://t.co/DwDEvR6xAH",-1
1338233747745853441,COVID,Dawn Hunting,Sun Dec 13 21:26:03 +0000 2020,en,"RT @kylegriffin1: Sen. Coons to NBC: ""The fact that, 9 months later, we don't have a next round of COVID relief is something I personally a‚Ä¶",-1
1338233746164764672,COVID,Addie,Sun Dec 13 21:26:02 +0000 2020,en,@genesimmons Is he another one that think COVID-19 is a hoax? What doe he expect all the dead people to pop out and say April fools? Idiot!,-1
1338233745971834881,COVID,Frank Edoho,Sun Dec 13 21:26:02 +0000 2020,en,RT @IkSlimatic: @frankedoho Arsenal's performance can give covid- 19 so its better to protect the eyes. What the doctors failed to tell us‚Ä¶,-1
1338233745669726208,COVID,Bryn,Sun Dec 13 21:26:02 +0000 2020,en,My parents might have Covid check üòçüëçüèºü§©,-1
1338233743849496577,COVID,Elizabeth Higgins,Sun Dec 13 21:26:02 +0000 2020,en,"RT @kylegriffin1: Sen. Coons to NBC: ""The fact that, 9 months later, we don't have a next round of COVID relief is something I personally a‚Ä¶",-1
1338233743438442498,COVID,Gavin Roberts,Sun Dec 13 21:26:02 +0000 2020,en,"RT @ChrisMcEleny: More evidence that we are wrong to follow the 5 day Christmas Covid risk policy of the UK

We will have 25k new cases in‚Ä¶",-1
1338233743375523840,COVID,Truth First - Lanka,Sun Dec 13 21:26:02 +0000 2020,en,"RT @SenKamalaHarris: Californians and people across the nation are facing record numbers of COVID-19 cases, overwhelming health care worker‚Ä¶",-1
1338233742851182593,COVID,Ian Book Fan Club,Sun Dec 13 21:26:02 +0000 2020,en,RT @IAmJamesStewart: Are you going to take the COVID-19 vaccine?,-1
1338233742738018307,COVID,AmandaRipsam,Sun Dec 13 21:26:02 +0000 2020,en,"RT @Reuters: Ten months and more than 1.5 million global COVID-19 deaths later, nurses and doctors continue to risk their lives every day.‚Ä¶",-1
1338233742314377219,COVID,Irene DN,Sun Dec 13 21:26:02 +0000 2020,en,"@chantelle4u I know someone who has had malaria and covid, she says you can‚Äôt compare the two. The fever, headache‚Ä¶ https://t.co/7pRsZ9BJrs",-1
1338236232803999745,COVID,juan santacruz,Sun Dec 13 21:35:55 +0000 2020,en,RT @MeidasTouch: It‚Äôs Day 3 of the #VoteYourRaise tour and today @NavyBizVet is in Augusta! We will be spreading a simple message to voters‚Ä¶,-1
1338236232564928520,COVID,Jessy üáßüáÆ,Sun Dec 13 21:35:55 +0000 2020,en,RT @xogabbyelle: ‚ÄúI can‚Äôt believe I am saying this... I tested positive for COVID‚Äù https://t.co/mFD1rmIEyD,-1
1338236232149721088,COVID,Patty Pullias,Sun Dec 13 21:35:55 +0000 2020,en,RT @rachelstoo: Look Whats In Your COVID-19 Vaccine! https://t.co/JepuUJD0qC,-1
1338236231419879429,COVID,Ruckus Henry,Sun Dec 13 21:35:55 +0000 2020,en,"RT @MojiDelanoBlog: #FreeOmahLay #FreeTems: COVID-19: Why We Arrested Omah Lay, Tems ‚Äì Uganda Police Releases Official Statement
https://t.‚Ä¶",-1
1338236230811717635,COVID,Carl Evans,Sun Dec 13 21:35:55 +0000 2020,en,RT @PeterKGeoghegan: Johnson was set to lockdown in mid-September until Sunak invited lockdown sceptic scientists Gupta and Heneghan to spe‚Ä¶,-1
1338236230694293505,COVID,∆ä–Ñ∆Å for Biden/Harris,Sun Dec 13 21:35:55 +0000 2020,en,RT @banksta62: @Lancegooden @realDonaldTrump Uh no dude. He didn‚Äôt. He spent the last 4 years lining his pockets with our money and making‚Ä¶,-1
1338236230627172360,COVID,Royce Hammer (Fuck cops),Sun Dec 13 21:35:55 +0000 2020,en,RT @JustinWhang: When the Covid vaccine hits https://t.co/PBCimioAix,-1
1338236230572584961,COVID,#TexasRedGuy,Sun Dec 13 21:35:55 +0000 2020,en,"RT @lyne_ian: @JoeBiden Everything related to Covid . . 

‚ÄúCases‚Äù, social distancing, lockdowns, mask mandates, even ‚ÄúCovid deaths"" 

ALL p‚Ä¶",-1
1338236230522159104,COVID,Jack Randall,Sun Dec 13 21:35:55 +0000 2020,en,@justinamash Bernie Sanders Admits Democrats Purposefully Blocked Covid Relief Legislation https://t.co/BPikunt3bQ,-1
1338236230367129602,COVID,Sadie Jones,Sun Dec 13 21:35:55 +0000 2020,en,RT @AlyciaTyre: I‚Äôm just ready for covid to be gone. Like go the fuck away and be gone forever and never come back.,-1
1338236230027231233,COVID,Smirk Dr.,Sun Dec 13 21:35:55 +0000 2020,en,"RT @BrandiKruse: If the government can find creative ways for people to have sex during COVID-19, it can find creative ways for people to d‚Ä¶",-1
1338236229423222785,COVID,ü¶Ü,Sun Dec 13 21:35:54 +0000 2020,en,"RT @mint_manee: Announcing from #BMMF11 #bigmountain2020 

""Thank you our friends to be together for 11 years. Today, we did our best and t‚Ä¶",-1
1338236229368864770,COVID,Barbados Today,Sun Dec 13 21:35:54 +0000 2020,en,REGIONAL: Cluster of 26 COVID-19 cases at Sandals Grenada - https://t.co/mit5RcDpf3 https://t.co/73oYYnGh6y,-1
1338236229138206722,COVID,Concerned of Bristol,Sun Dec 13 21:35:54 +0000 2020,en,"RT @DrDomPimenta: This is a damning and spine tingling account of the last few months and it‚Äôs hard to read, but I‚Äôd urge you to read every‚Ä¶",-1
1338236228991414274,COVID,Snow Angel,Sun Dec 13 21:35:54 +0000 2020,en,"RT @TIME: ""2021 is going to be catastrophic."" For the director of the World Food Programme, winning the Nobel Peace Prize is no cause for c‚Ä¶",-1
1338237499907452929,COVID,Gordon Hamilton,Sun Dec 13 21:40:57 +0000 2020,en,"RT @Stat_O_Guy: So today.. the Lockdowner in Chief was caught flouting the Covid Mask law.

One rule for you and one rule for rich Piers!‚Ä¶",-1
1338237499617980421,COVID,Dunner57,Sun Dec 13 21:40:57 +0000 2020,en,"RT @CJ_isnowblue: It‚Äôs bad enough that Kelly &amp; Perdue sold off stocks based on insider knowledge of Covid..

The Sick part‚Äî they then bough‚Ä¶",-1
1338237497659301888,COVID,Christopher Wright,Sun Dec 13 21:40:57 +0000 2020,en,@anniekarni @maggieNYT Typical being it's from the Trump administration. After the relentless COVID-19 storm which‚Ä¶ https://t.co/IsvvewgPeR,-1
1338237497621397505,COVID,dlh,Sun Dec 13 21:40:57 +0000 2020,en,"RT @howmanybeds: Per State of CA data, on Nov 12 there were 3,399 COVID positive patients in hospitals (not just ICUs - also people not nee‚Ä¶",-1
1338237497537687557,COVID,Nkanyiso Ngqulunga,Sun Dec 13 21:40:57 +0000 2020,en,RT @ianmSC: One of the most bizarre aspects of the Covid ‚Äúexpert‚Äù class is that a software engineer with a high school diploma &amp; no medical‚Ä¶,-1
1338237496547655680,COVID,alex :),Sun Dec 13 21:40:57 +0000 2020,en,"RT @RealMattTomo: ‚Äúcovid won‚Äôt last that long‚Äù

covid: https://t.co/N4HQD4Z0ZH",-1
1338237496438661121,COVID,Bart Taliaferro üá∫üá∏ üêò,Sun Dec 13 21:40:57 +0000 2020,en,"@ScottAdamsSays Further addendum: I was searching only for ""coronavirus"", but there are studies that don't use that‚Ä¶ https://t.co/ydtKqKBQIH",-1
1338237496392437760,COVID,KennT,Sun Dec 13 21:40:57 +0000 2020,en,"The COVID-19 vaccine has to stay ice-cold, so it's being shipped in retrofitted tuna freezers https://t.co/RzUVppEf9J via @Yahoo",-1
1338237495935266816,COVID,"Tom Varghese Jr. MD, MS, FACS üá∫üá∏",Sun Dec 13 21:40:56 +0000 2020,en,"RT @RobertGehrke: Here's the Sunday Covid update: 
üå° 2,083 new cases,  233,904 total
üòî 17 new deaths, 1,055 total
üè• 548 currently hospitali‚Ä¶",-1
1338237494983274497,COVID,Mary,Sun Dec 13 21:40:56 +0000 2020,en,"RT @JoeBiden: We‚Äôre in the teeth of the COVID-19 crisis right now, and this nation needs presidential leadership.

Leadership that is willi‚Ä¶",-1
1338237494920437764,COVID,bostintime.üò™,Sun Dec 13 21:40:56 +0000 2020,en,The Great Covid Hoax üëáüëáüëá https://t.co/P6mkpDQQ36,-1
1338237494769274880,COVID,Curtis Bracher,Sun Dec 13 21:40:56 +0000 2020,en,"RT @kylegriffin1: Sen. Coons to NBC: ""The fact that, 9 months later, we don't have a next round of COVID relief is something I personally a‚Ä¶",-1
1338237493959921666,COVID,Lisa JOLY,Sun Dec 13 21:40:56 +0000 2020,en,@guardian 90% of news about covid and trump,-1
1338237493813137408,COVID,Andrew Harrison,Sun Dec 13 21:40:56 +0000 2020,en,"RT @NBCNews: People cheer as trucks carrying the first shipment of the Covid-19 vaccine, which is being escorted by the US Marshals Service‚Ä¶",-1
1338237493657837569,COVID,antoynette‚ú®,Sun Dec 13 21:40:56 +0000 2020,en,RT @berylljadee: i miss life without covid,-1
1338237775196381190,COVID,Rabbiya Khan,Sun Dec 13 21:42:03 +0000 2020,en,"RT @WinterOakPress: Disturbing news from authoritarian Macronist France.

Jean-Bernard Fourtillan, a French retired university professor kn‚Ä¶",-1
1338237774848114689,COVID,WUaSPress,Sun Dec 13 21:42:03 +0000 2020,en,"RT @HarbinBook: A goal of the #covid19 pandemic achieved? ""First trucks carrying the COVID-19 vaccine in the US have left the Pfizer facili‚Ä¶",-1
1338237774365921285,COVID,Amy üá∫üá∏üôèüê∏,Sun Dec 13 21:42:03 +0000 2020,en,"RT @Liz_Wheeler: Here are the latest reports about COVID-19 that public health officials, politicians, and the mainstream media won't share‚Ä¶",-1
1338237773564657664,COVID,Marco 8a,Sun Dec 13 21:42:03 +0000 2020,en,RT @sharonperez__: if u eat jack in the box tacos don‚Äôt worry about what‚Äôs in the covid vaccine,-1
1338237773334138882,COVID,Belle7,Sun Dec 13 21:42:03 +0000 2020,en,"RT @AndrewFeinberg: This is disgraceful and disgusting. 

https://t.co/YybaSB1dRU",-1
1338237773032067074,COVID,Bayo onanuga,Sun Dec 13 21:42:03 +0000 2020,en,"It seems as if the second wave of COVID-19 is deadlier than the first, with the way it is spreading like bushfire.‚Ä¶ https://t.co/slrARBJNBf",-1
1338237773002633216,COVID,NGP Next-GenPatriots,Sun Dec 13 21:42:02 +0000 2020,en,"RT @starsandstripes: Archive photo of the day |  In 1993 Charley Pride was invited to join the Grand Ole Opry, and in 2000 he became the Co‚Ä¶",-1
1338237772914520065,COVID,nat.,Sun Dec 13 21:42:02 +0000 2020,en,RT @teddylake: Fact: COVID-19 has killed more people in America than there are students in the entire UC system. Imagine every student at B‚Ä¶,-1
1338237772881080325,COVID,Mark Taliano,Sun Dec 13 21:42:02 +0000 2020,en,"RT @VanessaBeeley: ""companies like TicketMaster plan to¬†require proof of immunity or a negative covid test¬†to attend concerts in Los Angele‚Ä¶",-1
1338237771744305153,COVID,EvangelinesNana,Sun Dec 13 21:42:02 +0000 2020,en,RT @MeidasTouch: It‚Äôs Day 3 of the #VoteYourRaise tour and today @NavyBizVet is in Augusta! We will be spreading a simple message to voters‚Ä¶,-1
1338237771220193281,COVID,ldec,Sun Dec 13 21:42:02 +0000 2020,en,RT @CongressmanRaja: Essential workers deserve our greatest admiration and respect for the job they‚Äôve done during this pandemic. I thank h‚Ä¶,-1
1338237771144630273,COVID,Greg Gadren,Sun Dec 13 21:42:02 +0000 2020,en,"RT @jbarro: I mean, ‚ÄúWH staffer‚Äù does seem like one of the occupations with the highest risk of getting COVID and spreading it to others.",-1
1338237770376962048,COVID,Scott McArthur,Sun Dec 13 21:42:02 +0000 2020,en,"RT @anniekarni: News ‚Äî WH staffers are getting vaccinated. https://t.co/XWVokaaIXx 

w/@maggieNYT",-1
1338237770314084354,COVID,BalaHariharan11,Sun Dec 13 21:42:02 +0000 2020,en,RT @wef: Three lessons from our immune systems on fighting COVID-19  @eraneden https://t.co/aaHbE0AMjz https://t.co/i4VsWyDbr6,-1
1338237770054029312,COVID,swissbusiness,Sun Dec 13 21:42:02 +0000 2020,en,"Ashanti tests positive for Covid-19, leading Verzuz to postpone her battle with Keyshia Cole https://t.co/Fh1mBlJgum",-1
1338240640539385856,COVID,Patricia Scott,Sun Dec 13 21:53:26 +0000 2020,en,"RT @danpfeiffer: The White House: COVID is a hoax and masks don't work, but also give us the vaccine right fucking now!",-1
1338240640237318146,COVID,kabraska,Sun Dec 13 21:53:26 +0000 2020,en,"RT @danpfeiffer: The White House: COVID is a hoax and masks don't work, but also give us the vaccine right fucking now!",-1
1338240639213957120,COVID,TM298‚Ñ¢,Sun Dec 13 21:53:26 +0000 2020,en,RT @AvataryayaTV: if you eat the McRib don‚Äôt worry about what‚Äôs in the covid vaccine,-1
1338240639100743681,COVID,Rachel Anne Bach,Sun Dec 13 21:53:26 +0000 2020,en,"RT @danpfeiffer: The White House: COVID is a hoax and masks don't work, but also give us the vaccine right fucking now! https://t.co/9Fvwik‚Ä¶",-1
1338240638408593421,COVID,James Ladbroke - On Parler: @jamesladbroke,Sun Dec 13 21:53:26 +0000 2020,en,"@paulaconnelly79 @JamesMelville Actually, there have been numerous studies that show that what lockdowns do best is‚Ä¶ https://t.co/R5PHkPesFf",-1
1338240637800308736,COVID,LuziaM,Sun Dec 13 21:53:26 +0000 2020,en,RT @chefjoseandres: .@vivek_murthy @RWalensky is great to see leadership even before they get to @WhiteHouse if we let Health leaders speak‚Ä¶,-1
1338240637666287618,COVID,Angel Mabel 1976 V2.0 * I Voted For Joe *,Sun Dec 13 21:53:25 +0000 2020,en,"RT @JoshuaPotash: White House staffers getting vaccines first after pretending the virus doesn‚Äôt exist, and letting the entire country get‚Ä¶",-1
1338240635912896513,COVID,Theo Mackie,Sun Dec 13 21:53:25 +0000 2020,en,Juwan says COVID has made him afraid to even open a text or answer a call from his training staff,-1
1338240635724292096,COVID,Yesmin Escalante,Sun Dec 13 21:53:25 +0000 2020,en,"RT @maduro_en: #EnVivo | Working day to present a balance of the fight against Covid-19, in the context of a happy and safe Christmas. #Dis‚Ä¶",-1
1338240635690774528,COVID,Ben Coil,Sun Dec 13 21:53:25 +0000 2020,en,"RT @danpfeiffer: The White House: COVID is a hoax and masks don't work, but also give us the vaccine right fucking now!",-1
1338240634864406528,COVID,AmaranthaCrane,Sun Dec 13 21:53:25 +0000 2020,en,"RT @JoeBiden: We‚Äôre in the teeth of the COVID-19 crisis right now, and this nation needs presidential leadership.

Leadership that is willi‚Ä¶",-1
1338240634331729925,COVID,Michael Mullin,Sun Dec 13 21:53:25 +0000 2020,en,"RT @BanksPatriot: Why does #MoscowMitch want his murderous and license to kill corporate liability shields as @RepKatiePorter has noted?

B‚Ä¶",-1
1338240634063294465,COVID,Rebecca üë©üèª‚ÄçüíªüíÖüèª,Sun Dec 13 21:53:25 +0000 2020,en,"RT @F1: It wasn't an easy final race for @LewisHamilton üòì

#AbuDhabiGP üá¶üá™ #F1

https://t.co/i6xc49qZ1o",-1
1338240633585213441,COVID,Laura,Sun Dec 13 21:53:25 +0000 2020,en,RT @maiamimi: It took @senatemajldr McConnell &amp; @SenateGOP 38 days to replace RGB on SCOTUS. It's been 262 days since the Senate voted on a‚Ä¶,-1
1338240633329205248,COVID,J. Getting Even #impeachThePredator,Sun Dec 13 21:53:24 +0000 2020,en,"RT @JoshuaPotash: White House staffers getting vaccines first after pretending the virus doesn‚Äôt exist, and letting the entire country get‚Ä¶",-1
1338455672183263234,COVID,L√§dy √Ñ,Mon Dec 14 12:07:54 +0000 2020,en,"RT @FacesOfCOVID: SANDRA YUHAS, 81 of Doylestown, Pennsylvania died of COVID on Dec. 10.

""She expressed love purely &amp; was so kind. She lov‚Ä¶",-1
1338455671700852736,COVID,Laura Giuliano,Mon Dec 14 12:07:54 +0000 2020,en,@businessinsider @stokel 90% of news about covid and trump,-1
1338455670434263047,COVID,PissedOffLawyer,Mon Dec 14 12:07:53 +0000 2020,en,"@chadewarner @john_lewis54 @denidarcel @EWErickson For the 10th time, the retractiom statement explains the reasons‚Ä¶ https://t.co/4khkegvE9O",-1
1338455670333562883,COVID,knotofminds,Mon Dec 14 12:07:53 +0000 2020,en,"Anyways, I love reading story books.... and I wouldn't mind reading one where covid 19 vaccines causes everyone to‚Ä¶ https://t.co/lCt1g5xh3c",-1
1338455669926719489,COVID,DOOM GOT ROBBED,Mon Dec 14 12:07:53 +0000 2020,en,@Tomularity @DanielvandeWal @TOIBusiness 6 people hqve died,-1
1338455669268090882,COVID,Paco,Mon Dec 14 12:07:53 +0000 2020,en,"RT @NathanielParish: Very scary to see what's happening in Mexico City right now. Covid cases spiking, hospitals filling up, streets filled‚Ä¶",-1
1338455666944458753,COVID,Richhpal Bithu,Mon Dec 14 12:07:52 +0000 2020,en,RT @ndtv: Centre Issues Guidelines For #COVID19 Vaccination Drive https://t.co/5jHhUwYw2h https://t.co/chBpuL6PfR,-1
1338455666541912065,COVID,Piers Renfree,Mon Dec 14 12:07:52 +0000 2020,en,"@MissEmerKenny @roseoliviabyrne No worries, a lot of shows have had to be postponed due to the Covid situation.

Hope you're ok üôÇ",-1
1338455666265104385,COVID,bilkisogunnubi,Mon Dec 14 12:07:52 +0000 2020,en,RT @followlasg: We are seeing slightly increasing number of COVID-19 positive cases in clusters in Lagos and all¬†Lagosians should adhere to‚Ä¶,-1
1338455664960520193,COVID,Saul T. Phoenix üíß,Mon Dec 14 12:07:52 +0000 2020,en,"@TMZ Well, a friend of mine got Covid because United let the guy sitting in front of him leave his mask off mid-fli‚Ä¶ https://t.co/sNNsA4J9LS",-1
1338455664755093513,COVID,Tunji Insuranceman,Mon Dec 14 12:07:52 +0000 2020,en,RT @scarfizal: Under @MBuhari ‚Äòs leadership Nigeria‚Äôs economy rated top 10 performing economies despite Covid 19 affecting economic activit‚Ä¶,-1
1338455663366856705,COVID,President-Elect Tee,Mon Dec 14 12:07:52 +0000 2020,en,"Johns Hopkins Study Mysteriously Disappears after it Revealed, In Spite of COVID, No More Deaths in 2020 Than In Pr‚Ä¶ https://t.co/hJfvSNUwCR",-1
1338455663345807360,COVID,SatontheBeach,Mon Dec 14 12:07:52 +0000 2020,en,What a surprise that COVID cases in London have increased dramatically - not,-1
1338455662930644994,COVID,The Friary School,Mon Dec 14 12:07:52 +0000 2020,en,COVID Update ‚Äì W/B 14¬†December https://t.co/SsWodBiJ1y,-1
1338457436420759552,COVID,CAE Dave,Mon Dec 14 12:14:54 +0000 2020,en,"RT @DrEricDing: LEADERSHIP MATTERS:

‚û°Ô∏è Florida COVID response, led by @GovRonDeSantis 

‚û°Ô∏è Taiwan COVID response, led by Vice-President Dr‚Ä¶",-1
1338457435816726529,COVID,Nanamana#BLM‚òØÔ∏è,Mon Dec 14 12:14:54 +0000 2020,en,"RT @johnpilger: Amnesty reveals that in March the Johnson govt dumped 25,000 vulnerable hospital patients in care homes, including those in‚Ä¶",-1
1338457435015671808,COVID,Annapolis Spectator,Mon Dec 14 12:14:54 +0000 2020,en,Four positive COVID tests reported in Nova Scotia‚Äôs eastern zone | SaltWire https://t.co/eqHY1runYf,-1
1338457434214588418,COVID,Tyri0n,Mon Dec 14 12:14:54 +0000 2020,en,RT @GMA: COVID-19 vaccine shipments roll out from facilities to deliver across US. @perezreports is live from the Pfizer facility in Kalama‚Ä¶,-1
1338457434071965696,COVID,Lemonwilly,Mon Dec 14 12:14:54 +0000 2020,en,@Martin1Williams There's a covid crisis in 2025 too? Ffs...,-1
1338457433115664388,COVID,Isiah Maxwell,Mon Dec 14 12:14:54 +0000 2020,en,"Roughly: ""Information from the authorities: follow the new sharp advice to stop the spread of Covid-19. Read more o‚Ä¶ https://t.co/4n551GtrlT",-1
1338457432431923200,COVID,Dr. ARIADNE-ANNE TSAMBALI,Mon Dec 14 12:14:53 +0000 2020,en,The 35-year-old scientist who led Moderna's efforts to create a COVID-19 vaccine - ABC News - https://t.co/LJIBX3vEFN via @ABC,-1
1338457432066936834,COVID,David Thomas,Mon Dec 14 12:14:53 +0000 2020,en,RT @PRGuy17: 89 Vic Health staff were trained on the CovidSafe App. 89. The Morrison Government literally marketed the app as the ticket ou‚Ä¶,-1
1338457430087360514,COVID,Cris Pinguim,Mon Dec 14 12:14:53 +0000 2020,en,RT @MBittencourtMD: Antes tarde... https://t.co/w4wUfqfK60,-1
1338457429915426817,COVID,TuskBot - the Walrus of Justice,Mon Dec 14 12:14:53 +0000 2020,en,"This is your legacy: the normalization of atrocities.  

All US COVID deaths are on @realDonaldTrump &amp; the @GOP tha‚Ä¶ https://t.co/9rXgFi8hyG",-1
1338457429407838208,COVID,Stephanie,Mon Dec 14 12:14:53 +0000 2020,en,"RT @NPR: The first COVID-19 vaccine is making its way to states ‚Äî and you may have a lot of questions about what that means for you.

Here'‚Ä¶",-1
1338457429256892419,COVID,empirestatesun,Mon Dec 14 12:14:53 +0000 2020,en,RT @DrJenGunter: If covid isn‚Äôt a big deal ‚Äî according to the current White House ‚Äî why are they getting vaccinated first?,-1
1338457429076549634,COVID,David Goodson,Mon Dec 14 12:14:53 +0000 2020,en,"RT @LegalizeitLala: 10 years from now, you‚Äôll hear commercials saying, ‚ÄúIf you took the COVID-19 shot between 2020-21, you may be entitled‚Ä¶",-1
1338457428908797953,COVID,Mr_Wags,Mon Dec 14 12:14:53 +0000 2020,en,Covid rates for January go Mad.,-1
1338457428699049986,COVID,tiNy hAnDs,Mon Dec 14 12:14:52 +0000 2020,en,RT @DrJenGunter: If covid isn‚Äôt a big deal ‚Äî according to the current White House ‚Äî why are they getting vaccinated first?,-1
1338461620004073473,COVID,Sven ‚öΩ,Mon Dec 14 12:31:32 +0000 2020,en,RT @SpeedSportLife: My first thought every time they say the Covid vaccine 18-wheelers will be under guarded escort https://t.co/3WdqPsDH7V,-1
1338461619177857026,COVID,Matt Galati,Mon Dec 14 12:31:32 +0000 2020,en,RT @ETSshow: Private purchase of the #Covid_19 vaccine should not legal for the foreseeable future,-1
1338461618695516161,COVID,Toguila Serge √âric,Mon Dec 14 12:31:31 +0000 2020,fr,RT @ritarapidissima: IMPOSTURE GLOBALE  #covid le test covid fait sur du coca-cola positif en direct,-1
1338461618586456065,COVID,Lunaüåô,Mon Dec 14 12:31:31 +0000 2020,en,RT @sharonperez__: if u eat jack in the box tacos don‚Äôt worry about what‚Äôs in the covid vaccine,-1
1338461617265074177,COVID,Victor Hugo Maga√±a,Mon Dec 14 12:31:31 +0000 2020,es,La peor semana en Jalisco sobre contagios de covid. https://t.co/sDZpcLo2g9,-1
1338461617147834371,COVID,PapiNana,Mon Dec 14 12:31:31 +0000 2020,fr,"RT @SophiaAram: C'est curieux le nombre de fran√ßais qui jouent √† l'euro million et qui refusent de porter un masque, alors qu'ils ont 400 f‚Ä¶",-1
1338461617118441475,COVID,Oscar Fern√°ndez,Mon Dec 14 12:31:31 +0000 2020,es,"@118ari @tinchelli @DiegoZas @FacilDesviarse Si, hablas sin saber. Desde Abril los trabajadores de la salud nos est‚Ä¶ https://t.co/0WHYG0ZloQ",-1
1338461617080692739,COVID,üáßüá∑üáµüáπ #foragalinhote ‚ìü,Mon Dec 14 12:31:31 +0000 2020,pt,"@hugowarwar @JovemPanNews Ent√£o pronto.. se n√£o tem filhos, fu n√£o entenderia o que √© seu filho ficar gripado de 15‚Ä¶ https://t.co/GlS7JtJMWJ",-1
1338461616837447681,COVID,Amber Vojtush,Mon Dec 14 12:31:31 +0000 2020,en,"RT @DrJoeClark: Google is down across the globe, which is the COVID version of a snow day. Until it‚Äôs back up, Nordonia students, read some‚Ä¶",-1
1338461616799617025,COVID,Derrick Byford,Mon Dec 14 12:31:31 +0000 2020,en,@RBG_Opposition @ElthamNigel Massive decline in symptomatic cases in Royal Borough of Greenwich according to the ZO‚Ä¶ https://t.co/jaui30IPxm,-1
1338461616531234818,COVID,AMAS,Mon Dec 14 12:31:31 +0000 2020,es,RT @Verdemora1: @nomastonteras @tromben @Camara_cl Se supone que el pr√≥ximo a√±o. Hasta el 31 de diciembre tienen prioridad las comisiones p‚Ä¶,-1
1338461615675609088,COVID,Marie Myrna,Mon Dec 14 12:31:31 +0000 2020,fr,RT @andrebercoff: Aujourd‚Äôhui @SudRadio 12/14h : √† propos de l‚Äôinternement du pr #Fourtillan : quand devient-on ¬´¬†d√©s√©quilibr√©¬†¬ª? Pendant #‚Ä¶,-1
1338461615541334016,COVID,black skinnz,Mon Dec 14 12:31:31 +0000 2020,en,RT @WTAE: Morning update: COVID-19 vaccine could arrive in Pittsburgh are early as today https://t.co/mcx9JFSzwC,-1
